{
	"select":[
		{"value":"","txt":"所有省份"},
		{"value":"北京市","txt":"北京市"},
		{"value":"天津市","txt":"天津市"},
		{"value":"河北省","txt":"河北省"},
		{"value":"山西省","txt":"山西省"},
		{"value":"内蒙古自治区","txt":"内蒙古自治区"},
		{"value":"辽宁省","txt":"辽宁省"},
		{"value":"吉林省","txt":"吉林省"},
		{"value":"黑龙江省","txt":"黑龙江省"},
		{"value":"上海市","txt":"上海市"},
		{"value":"江苏省","txt":"江苏省"},
		{"value":"浙江省","txt":"浙江省"},
		{"value":"安徽省","txt":"安徽省"},
		{"value":"福建省","txt":"福建省"},
		{"value":"江西省","txt":"江西省"},
		{"value":"山东省","txt":"山东省"},
		{"value":"河南省","txt":"河南省"},
		{"value":"湖北省","txt":"湖北省"},
		{"value":"湖南省","txt":"湖南省"},
		{"value":"广东省","txt":"广东省"},
		{"value":"广西壮族自治区","txt":"广西壮族自治区"},
		{"value":"海南省","txt":"海南省"},
		{"value":"重庆市","txt":"重庆市"},
		{"value":"四川省","txt":"四川省"},
		{"value":"贵州省","txt":"贵州省"},
		{"value":"云南省","txt":"云南省"},
		{"value":"西藏自治区","txt":"西藏自治区"},
		{"value":"陕西省","txt":"陕西省"},
		{"value":"甘肃省","txt":"甘肃省"},
		{"value":"青海省","txt":"青海省"},
		{"value":"宁夏回族自治区","txt":"宁夏回族自治区"},
		{"value":"新疆维吾尔自治区","txt":"新疆维吾尔自治区"},
		{"value":"香港特别行政区","txt":"香港特别行政区"},
		{"value":"澳门特别行政区","txt":"澳门特别行政区"},
		{"value":"台湾省","txt":"台湾省"},
		{"value":"其它","txt":"其它"}
	],
	"storeList":[
		{"b":1,"text":"ADD：四川省·成都市·武侯区·佳灵路108号太平园国际家居博览中心1楼C113号","txt":"成都太平园体验店","num":"028-69599336"},
		{"b":2,"text":"ADD：四川省.成都市.高新区.盛和二路18号.富森美家居.3楼","txt":"成都南富森FT体验店","num":"028-61559229"},
		{"b":3,"text":"ADD：河南省·新乡市·平原路348号金谷时代广场·居然之家","txt":"新乡居然酷卡思店","num":""},
		{"b":4,"text":"ADD：山东省·烟台市·莱州市·云峰北路·云峰家世界","txt":"莱州家世界体验店","num":""},
		{"b":5,"text":"ADD：广东省·东莞市·市辖区·家具大道与莞太路交汇处·名都家居广场","txt":"东莞名都家居体验店","num":""},
		{"b":6,"text":"ADD：内蒙古.呼和浩特市.赛罕区.南二环与丰州路交叉口.金盛国际家居.3楼","txt":"呼和浩特金盛体验店","num":"0471-3975692"},
		{"b":7,"text":"ADD：青海省.西宁市.城北区.海湖大道99号.万佳家博园.","txt":"西宁万佳酷卡思店","num":""},
		{"b":8,"text":"ADD：甘肃省.兰州市.七里河区.南滨河中路651号.月星家居.","txt":"兰州月星博思亚店","num":"0931-2322179"},
		{"b":9,"text":"ADD：陕西省.西安市.长安区.长安南路18号.三森建材家具城.","txt":"西安三森酷卡思店","num":"029-85461319"},
		{"b":10,"text":"ADD：贵州省.贵阳市.南明区.油榨街10号.红星美凯龙.","txt":"贵阳红星博思亚店","num":"0851-88591119"},
		{"b":11,"text":"ADD：重庆市.重庆市.涪陵区.滨江大道二段52号.居然之家.","txt":"涪陵居然体验店","num":"023-87872535"},
		{"b":12,"text":"ADD：四川省.遂宁市.船山区.中国西部现代物流港内南环路.喜盈门建材家具广场.","txt":"遂宁喜盈门体验店","num":"13778728985"},
		{"b":13,"text":"ADD：四川省.泸州市.江阳区.江阳中路5号.凤凰家居商城.","txt":"泸州凤凰家居体验店","num":"0830-3659136"},
		{"b":14,"text":"ADD：四川省.内江市.市中区.甜城大道.红星美凯龙.","txt":"内江红星博思亚店","num":"0832-5317137"},
		{"b":15,"text":"ADD：四川省.德阳市.旌阳区.长江西路四段96号.居然之家.3楼2-3-033号","txt":"德阳居然体验店","num":"0838-2853966"},
		{"b":16,"text":"ADD：ADD：四川省.成都市.成华区.北三环川陕立交桥外侧.富森美家居.3楼","txt":"德阳居然体验店","num":"0838-2853966"},
		{"b":17,"text":"ADD：四川省.成都市.成华区.北三环川陕立交桥外侧.富森美家居.2楼","txt":"成都北富森酷卡思店","num":"028-61157618"},
		{"b":18,"text":"ADD：四川省.成都市.武侯区.航空路10号.好百年家居.3楼","txt":"成都好百年体验店","num":"028-66850619"},
		{"b":19,"text":"ADD：四川省.成都市.高新区.盛和二路18号.富森美家居.3楼","txt":"成都南富森体验店","num":"028-61554468"},
		{"b":20,"text":"ADD：河南省.新乡市.长垣县.崇礼路.居然之家.","txt":"长垣居然体验店","num":""}
	],
	"honor":[
		{"img":"img/2017117181356169.jpg","alt":"奖牌"},
		{"img":"img/a1.jpg","alt":"奖牌"},
		{"img":"img/a2.jpg","alt":"奖牌"},
		{"img":"img/a3.jpg","alt":"奖牌"},
		{"img":"img/a4.jpg","alt":"奖牌"},
		{"img":"img/a5.jpg","alt":"奖牌"},
		{"img":"img/a6.jpg","alt":"奖牌"},
		{"img":"img/a7.jpg","alt":"奖牌"},
		{"img":"img/a8.jpg","alt":"奖牌"},
		{"img":"img/a9.jpg","alt":"奖牌"},
		{"img":"img/a10.jpg","alt":"奖牌"},
		{"img":"img/a11.jpg","alt":"奖牌"}
	]
}
